id,image link,user ID,created dat,Insta filter used,photo type,created_datetime,id_user,name,follower_count,active_follower_count,private/public,Verified status,post count,photo_x,likes_count,photo_y,likes_from_followers,Photo id,comments_count,avg_hashtags,max_hashtags,emoji_comment_count,photo,tag_count,tags_list,locations_list,total_engagement,follower_count_safe,likes_per_follower,comments_per_follower,engagement_rate_pct,created_hour,created_day_name,created_day_of_week,is_weekend
1,http://elijah.biz,1,13-04-2023 08:04,yes,photo,2023-04-13 08:04:00,1,Kenton_Kirlin,77,43,yes,no,11,1,25,1,18,1,25,2.36,6,13,1.0,5.0,"['fun', 'party', 'concert', 'drunk', 'smile']","['brazil', 'florida', 'washington DC', 'new york', 'australia']",50,77,0.3246753246753247,0.3246753246753247,64.93506493506493,8,Thursday,3,0
2,https://shanon.org,1,13-04-2023 08:04,no,photo,2023-04-13 08:04:00,1,Kenton_Kirlin,77,43,yes,no,11,2,36,2,24,2,31,2.3870967741935485,6,15,2.0,4.0,"['photography', 'sunrise', 'landscape', 'beach']","['washington DC', 'new york', 'london', 'london']",67,77,0.4675324675324675,0.4025974025974026,87.01298701298701,8,Thursday,3,0
3,http://vicky.biz,1,13-04-2023 08:04,no,photo,2023-04-13 08:04:00,1,Kenton_Kirlin,77,43,yes,no,11,3,38,3,22,3,27,2.4814814814814814,6,14,3.0,1.0,['beauty'],['bangalore'],65,77,0.4935064935064935,0.35064935064935066,84.4155844155844,8,Thursday,3,0
4,http://oleta.net,1,13-04-2023 08:04,no,photo,2023-04-13 08:04:00,1,Kenton_Kirlin,77,43,yes,no,11,4,38,4,24,4,32,2.28125,6,16,4.0,4.0,"['lol', 'happy', 'fun', 'smile']","['new york', 'london', 'brazil', 'australia']",70,77,0.4935064935064935,0.4155844155844156,90.9090909090909,8,Thursday,3,0
5,https://jennings.biz,1,13-04-2023 08:04,yes,photo,2023-04-13 08:04:00,1,Kenton_Kirlin,77,43,yes,no,11,5,31,5,28,5,27,2.6296296296296298,6,13,5.0,4.0,"['style', 'hair', 'fashion', 'party']","['japan', 'Mumbai', 'bangalore', 'florida']",58,77,0.4025974025974026,0.35064935064935066,75.32467532467533,8,Thursday,3,0
6,https://quinn.biz,2,13-04-2023 08:04,yes,photo,2023-04-13 08:04:00,2,Andre_Purdy85,76,42,no,no,7,6,31,6,15,6,29,2.3793103448275863,6,14,6.0,4.0,"['fun', 'party', 'drunk', 'smile']","['brazil', 'florida', 'new york', 'australia']",60,76,0.40789473684210525,0.3815789473684211,78.94736842105263,8,Thursday,3,0
7,https://selina.name,2,13-04-2023 08:04,yes,photo,2023-04-13 08:04:00,2,Andre_Purdy85,76,42,no,no,7,7,38,7,22,7,27,2.3333333333333335,6,14,7.0,4.0,"['lol', 'happy', 'fun', 'smile']","['new york', 'london', 'brazil', 'australia']",65,76,0.5,0.35526315789473684,85.52631578947368,8,Thursday,3,0
8,http://malvina.org,2,13-04-2023 08:04,yes,photo,2023-04-13 08:04:00,2,Andre_Purdy85,76,42,no,no,7,8,27,8,21,8,38,2.4210526315789473,6,19,8.0,4.0,"['fun', 'party', 'drunk', 'smile']","['brazil', 'florida', 'new york', 'australia']",65,76,0.35526315789473684,0.5,85.52631578947368,8,Thursday,3,0
9,https://branson.biz,2,13-04-2023 08:04,no,photo,2023-04-13 08:04:00,2,Andre_Purdy85,76,42,no,no,7,9,31,9,16,9,25,2.56,6,12,9.0,1.0,['concert'],['washington DC'],56,76,0.40789473684210525,0.32894736842105265,73.68421052631578,8,Thursday,3,0
10,https://elenor.name,3,13-04-2023 08:04,yes,photo,2023-04-13 08:04:00,3,Harley_Lind18,76,42,no,no,2,10,30,10,20,10,24,2.4166666666666665,6,12,10.0,1.0,['photography'],['washington DC'],54,76,0.39473684210526316,0.3157894736842105,71.05263157894737,8,Thursday,3,0
11,https://marcelino.com,3,13-04-2023 08:04,no,video,2023-04-13 08:04:00,3,Harley_Lind18,76,42,no,no,2,11,33,11,26,11,27,2.3703703703703702,6,14,11.0,3.0,"['lol', 'happy', 'smile']","['new york', 'london', 'australia']",60,76,0.4342105263157895,0.35526315789473684,78.94736842105263,8,Thursday,3,0
12,http://felicity.name,3,13-04-2023 08:04,no,photo,2023-04-13 08:04:00,3,Harley_Lind18,76,42,no,no,2,12,29,12,17,12,27,2.4074074074074074,6,13,12.0,1.0,['landscape'],['london'],56,76,0.3815789473684211,0.35526315789473684,73.68421052631578,8,Thursday,3,0
13,https://fred.com,3,13-04-2023 08:04,no,photo,2023-04-13 08:04:00,3,Harley_Lind18,76,42,no,no,2,13,40,13,24,13,39,2.358974358974359,6,20,13.0,2.0,"['fun', 'drunk']","['brazil', 'new york']",79,76,0.5263157894736842,0.5131578947368421,103.94736842105263,8,Thursday,3,0
14,https://gerhard.biz,4,13-04-2023 08:04,yes,photo,2023-04-13 08:04:00,4,Arely_Bogan63,76,42,yes,no,1,14,35,14,27,14,27,2.5555555555555554,6,13,14.0,2.0,"['sunset', 'beach']","['florida', 'london']",62,76,0.4605263157894737,0.35526315789473684,81.57894736842105,8,Thursday,3,0
15,https://sherwood.net,4,13-04-2023 08:04,yes,photo,2023-04-13 08:04:00,4,Arely_Bogan63,76,42,yes,no,1,15,34,15,22,15,28,2.3214285714285716,6,15,,0.0,,,62,76,0.4473684210526316,0.3684210526315789,81.57894736842105,8,Thursday,3,0
16,https://maudie.org,4,13-04-2023 08:04,yes,photo,2023-04-13 08:04:00,4,Arely_Bogan63,76,42,yes,no,1,16,37,16,24,16,22,2.4545454545454546,6,11,,0.0,,,59,76,0.4868421052631579,0.2894736842105263,77.63157894736842,8,Thursday,3,0
17,http://annamae.name,6,13-04-2023 08:04,yes,photo,2023-04-13 08:04:00,6,Travon.Waters,76,43,no,no,14,17,36,17,26,17,23,2.4782608695652173,6,11,17.0,3.0,"['fun', 'concert', 'drunk']","['brazil', 'washington DC', 'new york']",59,76,0.47368421052631576,0.3026315789473684,77.63157894736842,8,Thursday,3,0
18,https://mac.org,6,13-04-2023 08:04,no,photo,2023-04-13 08:04:00,6,Travon.Waters,76,43,no,no,14,18,31,18,22,18,27,2.3333333333333335,6,14,,0.0,,,58,76,0.40789473684210525,0.35526315789473684,76.31578947368422,8,Thursday,3,0
19,http://miracle.info,6,13-04-2023 08:04,yes,photo,2023-04-13 08:04:00,6,Travon.Waters,76,43,no,no,14,19,35,19,24,19,34,2.4411764705882355,6,17,19.0,1.0,['food'],['brazil'],69,76,0.4605263157894737,0.4473684210526316,90.78947368421053,8,Thursday,3,0
20,http://emmet.com,6,13-04-2023 08:04,no,photo,2023-04-13 08:04:00,6,Travon.Waters,76,43,no,no,14,20,35,20,23,20,26,2.3846153846153846,6,13,,0.0,,,61,76,0.4605263157894737,0.34210526315789475,80.26315789473685,8,Thursday,3,0
21,https://lisa.com,6,13-04-2023 08:04,no,video,2023-04-13 08:04:00,6,Travon.Waters,76,43,no,no,14,21,36,21,22,21,29,2.3793103448275863,6,14,21.0,4.0,"['sunset', 'sunrise', 'landscape', 'beach']","['florida', 'new york', 'london', 'london']",65,76,0.47368421052631576,0.3815789473684211,85.52631578947368,8,Thursday,3,0
22,https://brooklyn.name,8,13-04-2023 08:04,no,video,2023-04-13 08:04:00,8,Tabitha_Schamberger11,76,42,yes,no,12,22,28,22,19,22,34,2.4705882352941178,6,17,22.0,3.0,"['food', 'foodie', 'delicious']","['brazil', 'japan', 'Mumbai']",62,76,0.3684210526315789,0.4473684210526316,81.57894736842105,8,Thursday,3,0
23,http://madison.net,8,13-04-2023 08:04,yes,video,2023-04-13 08:04:00,8,Tabitha_Schamberger11,76,42,yes,no,12,23,38,23,28,23,26,2.3461538461538463,6,13,23.0,4.0,"['fun', 'concert', 'drunk', 'smile']","['brazil', 'washington DC', 'new york', 'australia']",64,76,0.5,0.34210526315789475,84.21052631578947,8,Thursday,3,0
24,http://annie.name,8,13-04-2023 08:04,yes,video,2023-04-13 08:04:00,8,Tabitha_Schamberger11,76,42,yes,no,12,24,35,24,21,24,26,2.423076923076923,6,13,24.0,3.0,"['happy', 'fun', 'smile']","['london', 'brazil', 'australia']",61,76,0.4605263157894737,0.34210526315789475,80.26315789473685,8,Thursday,3,0
25,http://darron.info,8,13-04-2023 08:04,yes,video,2023-04-13 08:04:00,8,Tabitha_Schamberger11,76,42,yes,no,12,25,36,25,24,25,33,2.4242424242424243,6,17,25.0,3.0,"['beauty', 'dreamy', 'smile']","['bangalore', 'washington DC', 'australia']",69,76,0.47368421052631576,0.4342105263157895,90.78947368421053,8,Thursday,3,0
26,http://saige.com,9,13-04-2023 08:04,yes,video,2023-04-13 08:04:00,9,Gus93,76,42,yes,no,45,26,30,26,23,26,33,2.4242424242424243,6,16,26.0,5.0,"['beauty', 'stunning', 'dreamy', 'beach', 'smile']","['bangalore', 'florida', 'washington DC', 'london', 'australia']",63,76,0.39473684210526316,0.4342105263157895,82.89473684210526,8,Thursday,3,0
27,https://reece.net,9,13-04-2023 08:04,no,carousel,2023-04-13 08:04:00,9,Gus93,76,42,yes,no,45,27,31,27,14,27,27,2.4074074074074074,6,14,,0.0,,,58,76,0.40789473684210525,0.35526315789473684,76.31578947368422,8,Thursday,3,0
28,http://vance.org,9,13-04-2023 08:04,yes,carousel,2023-04-13 08:04:00,9,Gus93,76,42,yes,no,45,28,36,28,27,28,30,2.466666666666667,6,15,28.0,2.0,"['stunning', 'dreamy']","['florida', 'washington DC']",66,76,0.47368421052631576,0.39473684210526316,86.8421052631579,8,Thursday,3,0
29,http://ignacio.net,9,13-04-2023 08:04,no,carousel,2023-04-13 08:04:00,9,Gus93,76,42,yes,no,45,29,33,29,27,29,36,2.4166666666666665,6,18,29.0,4.0,"['beauty', 'stunning', 'beach', 'smile']","['bangalore', 'florida', 'london', 'australia']",69,76,0.4342105263157895,0.47368421052631576,90.78947368421053,8,Thursday,3,0
30,http://kenny.com,10,13-04-2023 08:04,no,carousel,2023-04-13 08:04:00,10,Presley_McClure,76,42,no,no,370,30,41,30,22,30,30,2.3666666666666667,6,15,30.0,3.0,"['food', 'foodie', 'delicious']","['brazil', 'japan', 'Mumbai']",71,76,0.5394736842105263,0.39473684210526316,93.42105263157895,8,Thursday,3,0
31,http://remington.name,10,13-04-2023 08:04,no,carousel,2023-04-13 08:04:00,10,Presley_McClure,76,42,no,no,370,31,31,31,23,31,34,2.4705882352941178,6,16,31.0,2.0,"['food', 'delicious']","['brazil', 'Mumbai']",65,76,0.40789473684210525,0.4473684210526316,85.52631578947368,8,Thursday,3,0
32,http://kurtis.info,10,13-04-2023 08:04,yes,photo,2023-04-13 08:04:00,10,Presley_McClure,76,42,no,no,370,32,33,32,23,32,26,2.3461538461538463,6,14,32.0,5.0,"['beauty', 'stunning', 'dreamy', 'beach', 'smile']","['bangalore', 'florida', 'washington DC', 'london', 'australia']",59,76,0.4342105263157895,0.34210526315789475,77.63157894736842,8,Thursday,3,0
33,https://alisha.com,11,13-04-2023 08:04,yes,photo,2023-04-13 08:04:00,11,Justina.Gaylord27,76,42,no,no,1293,33,29,33,17,33,33,2.4242424242424243,6,16,,0.0,,,62,76,0.3815789473684211,0.4342105263157895,81.57894736842105,8,Thursday,3,0
34,https://henderson.com,11,13-04-2023 08:04,yes,carousel,2023-04-13 08:04:00,11,Justina.Gaylord27,76,42,no,no,1293,34,32,34,16,34,25,2.48,6,12,34.0,3.0,"['lol', 'happy', 'fun']","['new york', 'london', 'brazil']",57,76,0.42105263157894735,0.32894736842105265,75.0,8,Thursday,3,0
35,http://bonnie.info,11,13-04-2023 08:04,yes,video,2023-04-13 08:04:00,11,Justina.Gaylord27,76,42,no,no,1293,35,32,35,24,35,33,2.4242424242424243,6,17,35.0,3.0,"['food', 'foodie', 'delicious']","['brazil', 'japan', 'Mumbai']",65,76,0.42105263157894735,0.4342105263157895,85.52631578947368,8,Thursday,3,0
36,http://kennith.net,11,13-04-2023 08:04,no,photo,2023-04-13 08:04:00,11,Justina.Gaylord27,76,42,no,no,1293,36,35,36,25,36,29,2.3448275862068964,6,15,36.0,3.0,"['food', 'foodie', 'delicious']","['brazil', 'japan', 'Mumbai']",64,76,0.4605263157894737,0.3815789473684211,84.21052631578947,8,Thursday,3,0
37,http://camille.name,11,13-04-2023 08:04,yes,photo,2023-04-13 08:04:00,11,Justina.Gaylord27,76,42,no,no,1293,37,38,37,28,37,27,2.4074074074074074,6,13,37.0,3.0,"['fun', 'concert', 'smile']","['brazil', 'washington DC', 'australia']",65,76,0.5,0.35526315789473684,85.52631578947368,8,Thursday,3,0
38,http://alena.net,12,13-04-2023 08:04,no,photo,2023-04-13 08:04:00,12,Dereck65,76,42,yes,no,11,38,31,38,25,38,29,2.4482758620689653,6,15,38.0,2.0,"['photography', 'sunrise']","['washington DC', 'new york']",60,76,0.40789473684210525,0.3815789473684211,78.94736842105263,8,Thursday,3,0
39,http://ralph.name,12,13-04-2023 08:04,no,carousel,2023-04-13 08:04:00,12,Dereck65,76,42,yes,no,11,39,34,39,20,39,29,2.3793103448275863,6,14,,0.0,,,63,76,0.4473684210526316,0.3815789473684211,82.89473684210526,8,Thursday,3,0
40,https://tyshawn.com,12,13-04-2023 08:04,no,video,2023-04-13 08:04:00,12,Dereck65,76,42,yes,no,11,40,37,40,20,40,28,2.5357142857142856,6,14,,0.0,,,65,76,0.4868421052631579,0.3684210526315789,85.52631578947368,8,Thursday,3,0
41,https://adella.net,12,13-04-2023 08:04,yes,photo,2023-04-13 08:04:00,12,Dereck65,76,42,yes,no,11,41,38,41,27,41,31,2.3225806451612905,6,16,,0.0,,,69,76,0.5,0.40789473684210525,90.78947368421053,8,Thursday,3,0
42,https://cielo.info,13,13-04-2023 08:04,yes,photo,2023-04-13 08:04:00,13,Alexandro35,76,42,yes,no,7,42,37,42,17,42,30,2.466666666666667,6,15,,0.0,,,67,76,0.4868421052631579,0.39473684210526316,88.1578947368421,8,Thursday,3,0
43,https://easter.net,13,13-04-2023 08:04,yes,photo,2023-04-13 08:04:00,13,Alexandro35,76,42,yes,no,7,43,37,43,29,43,31,2.3548387096774195,6,15,43.0,3.0,"['lol', 'happy', 'smile']","['new york', 'london', 'australia']",68,76,0.4868421052631579,0.40789473684210525,89.47368421052632,8,Thursday,3,0
44,http://golden.org,13,13-04-2023 08:04,yes,carousel,2023-04-13 08:04:00,13,Alexandro35,76,42,yes,no,7,44,39,44,31,44,26,2.423076923076923,6,13,44.0,2.0,"['dreamy', 'beach']","['washington DC', 'london']",65,76,0.5131578947368421,0.34210526315789475,85.52631578947368,8,Thursday,3,0
45,http://kendall.biz,13,13-04-2023 08:04,no,video,2023-04-13 08:04:00,13,Alexandro35,76,42,yes,no,7,45,34,45,23,45,29,2.4482758620689653,6,15,45.0,2.0,"['sunset', 'sunrise']","['florida', 'new york']",63,76,0.4473684210526316,0.3815789473684211,82.89473684210526,8,Thursday,3,0
46,https://glenda.info,13,13-04-2023 08:04,yes,photo,2023-04-13 08:04:00,13,Alexandro35,76,42,yes,no,7,46,34,46,20,46,32,2.5,6,15,,0.0,,,66,76,0.4473684210526316,0.42105263157894735,86.8421052631579,8,Thursday,3,0
47,http://dominic.biz,15,13-04-2023 08:04,no,photo,2023-04-13 08:04:00,15,Billy52,76,42,no,no,1,47,30,47,21,47,24,2.4166666666666665,6,12,47.0,1.0,['beach'],['london'],54,76,0.39473684210526316,0.3157894736842105,71.05263157894737,8,Thursday,3,0
48,http://tressie.info,15,13-04-2023 08:04,no,photo,2023-04-13 08:04:00,15,Billy52,76,42,no,no,1,48,35,48,21,48,28,2.3214285714285716,6,15,,0.0,,,63,76,0.4605263157894737,0.3684210526315789,82.89473684210526,8,Thursday,3,0
49,http://estevan.org,15,13-04-2023 08:04,no,carousel,2023-04-13 08:04:00,15,Billy52,76,42,no,no,1,49,37,49,24,49,29,2.3793103448275863,6,14,49.0,2.0,"['concert', 'smile']","['washington DC', 'australia']",66,76,0.4868421052631579,0.3815789473684211,86.8421052631579,8,Thursday,3,0
50,http://zena.com,15,13-04-2023 08:04,yes,video,2023-04-13 08:04:00,15,Billy52,76,42,no,no,1,50,27,50,18,50,34,2.4705882352941178,6,17,50.0,1.0,['food'],['brazil'],61,76,0.35526315789473684,0.4473684210526316,80.26315789473685,8,Thursday,3,0
51,https://abagail.com,16,13-04-2023 08:04,yes,photo,2023-04-13 08:04:00,16,Annalise.McKenzie16,76,42,yes,no,3,51,29,51,15,51,31,2.4193548387096775,6,16,51.0,3.0,"['beauty', 'beach', 'smile']","['bangalore', 'london', 'australia']",60,76,0.3815789473684211,0.40789473684210525,78.94736842105263,8,Thursday,3,0
52,https://hershel.com,16,13-04-2023 08:04,yes,photo,2023-04-13 08:04:00,16,Annalise.McKenzie16,76,42,yes,no,3,52,41,52,31,52,30,2.3666666666666667,6,15,,0.0,,,71,76,0.5394736842105263,0.39473684210526316,93.42105263157895,8,Thursday,3,0
53,http://collin.com,16,13-04-2023 08:04,yes,photo,2023-04-13 08:04:00,16,Annalise.McKenzie16,76,42,yes,no,3,53,36,53,27,53,33,2.4242424242424243,6,16,53.0,1.0,['beauty'],['bangalore'],69,76,0.47368421052631576,0.4342105263157895,90.78947368421053,8,Thursday,3,0
54,https://clair.com,16,13-04-2023 08:04,no,carousel,2023-04-13 08:04:00,16,Annalise.McKenzie16,76,42,yes,no,3,54,31,54,17,54,32,2.5,6,16,,0.0,,,63,76,0.40789473684210525,0.42105263157894735,82.89473684210526,8,Thursday,3,0
55,https://deondre.com,17,13-04-2023 08:04,yes,video,2023-04-13 08:04:00,17,Norbert_Carroll35,76,42,yes,yes,14,55,35,55,22,55,27,2.3333333333333335,6,14,55.0,1.0,['happy'],['london'],62,76,0.4605263157894737,0.35526315789473684,81.57894736842105,8,Thursday,3,0
56,http://tristin.name,17,13-04-2023 08:04,no,photo,2023-04-13 08:04:00,17,Norbert_Carroll35,76,42,yes,yes,14,56,36,56,29,56,31,2.3870967741935485,6,15,56.0,1.0,['lol'],['new york'],67,76,0.47368421052631576,0.40789473684210525,88.1578947368421,8,Thursday,3,0
57,http://kirk.org,17,13-04-2023 08:04,no,photo,2023-04-13 08:04:00,17,Norbert_Carroll35,76,42,yes,yes,14,57,37,57,25,57,25,2.56,6,12,57.0,5.0,"['fun', 'party', 'concert', 'drunk', 'smile']","['brazil', 'florida', 'washington DC', 'new york', 'australia']",62,76,0.4868421052631579,0.32894736842105265,81.57894736842105,8,Thursday,3,0
58,https://modesta.info,18,13-04-2023 08:04,no,photo,2023-04-13 08:04:00,18,Odessa2,76,42,no,no,244,58,36,58,22,58,31,2.3548387096774195,6,16,58.0,1.0,['beauty'],['bangalore'],67,76,0.47368421052631576,0.40789473684210525,88.1578947368421,8,Thursday,3,0
59,http://rylan.biz,19,13-04-2023 08:04,yes,carousel,2023-04-13 08:04:00,19,Hailee26,76,42,no,no,12,59,37,59,26,59,25,2.36,6,13,59.0,4.0,"['stunning', 'dreamy', 'beach', 'smile']","['florida', 'washington DC', 'london', 'australia']",62,76,0.4868421052631579,0.32894736842105265,81.57894736842105,8,Thursday,3,0
60,https://noemie.com,19,13-04-2023 08:04,yes,video,2023-04-13 08:04:00,19,Hailee26,76,42,no,no,12,60,32,60,19,60,31,2.4838709677419355,6,15,60.0,3.0,"['hair', 'fashion', 'party']","['Mumbai', 'bangalore', 'florida']",63,76,0.42105263157894735,0.40789473684210525,82.89473684210526,8,Thursday,3,0
61,https://dejon.name,20,13-04-2023 08:04,yes,photo,2023-04-13 08:04:00,20,Delpha.Kihn,76,42,yes,no,45,61,41,61,25,61,24,2.4166666666666665,6,12,61.0,2.0,"['dreamy', 'beach']","['washington DC', 'london']",65,76,0.5394736842105263,0.3157894736842105,85.52631578947368,8,Thursday,3,0
62,https://rigoberto.net,22,13-04-2023 08:04,yes,photo,2023-04-13 08:04:00,22,Kenneth64,76,42,no,no,1293,62,39,62,27,62,31,2.2580645161290325,6,16,62.0,1.0,['photography'],['washington DC'],70,76,0.5131578947368421,0.40789473684210525,92.10526315789474,8,Thursday,3,0
63,http://megane.biz,23,13-04-2023 08:04,no,photo,2023-04-13 08:04:00,23,Eveline95,77,43,no,no,2400,63,38,63,24,63,27,2.6296296296296298,6,13,63.0,1.0,['foodie'],['japan'],65,77,0.4935064935064935,0.35064935064935066,84.4155844155844,8,Thursday,3,0
64,http://emmalee.org,23,13-04-2023 08:04,yes,carousel,2023-04-13 08:04:00,23,Eveline95,77,43,no,no,2400,64,34,64,25,64,30,2.3666666666666667,6,15,64.0,4.0,"['lol', 'happy', 'fun', 'smile']","['new york', 'london', 'brazil', 'australia']",64,77,0.44155844155844154,0.38961038961038963,83.11688311688312,8,Thursday,3,0
65,http://nathan.net,23,13-04-2023 08:04,no,video,2023-04-13 08:04:00,23,Eveline95,77,43,no,no,2400,65,33,65,27,65,24,2.4166666666666665,6,12,65.0,2.0,"['food', 'delicious']","['brazil', 'Mumbai']",57,77,0.42857142857142855,0.3116883116883117,74.02597402597402,8,Thursday,3,0
66,http://lionel.net,23,13-04-2023 08:04,no,photo,2023-04-13 08:04:00,23,Eveline95,77,43,no,no,2400,66,39,66,24,66,28,2.357142857142857,6,14,66.0,2.0,"['hair', 'party']","['Mumbai', 'florida']",67,77,0.5064935064935064,0.36363636363636365,87.01298701298701,8,Thursday,3,0
67,http://danyka.net,23,13-04-2023 08:04,no,photo,2023-04-13 08:04:00,23,Eveline95,77,43,no,no,2400,67,35,67,23,67,29,2.4482758620689653,6,15,,0.0,,,64,77,0.45454545454545453,0.37662337662337664,83.11688311688312,8,Thursday,3,0
68,https://woodrow.com,23,13-04-2023 08:04,yes,photo,2023-04-13 08:04:00,23,Eveline95,77,43,no,no,2400,68,34,68,25,68,30,2.3,6,15,68.0,2.0,"['lol', 'smile']","['new york', 'australia']",64,77,0.44155844155844154,0.38961038961038963,83.11688311688312,8,Thursday,3,0
69,http://harvey.info,23,13-04-2023 08:04,yes,carousel,2023-04-13 08:04:00,23,Eveline95,77,43,no,no,2400,69,38,69,22,69,24,2.4166666666666665,6,12,,0.0,,,62,77,0.4935064935064935,0.3116883116883117,80.51948051948052,8,Thursday,3,0
70,http://aiden.org,23,13-04-2023 08:04,yes,video,2023-04-13 08:04:00,23,Eveline95,77,43,no,no,2400,70,34,70,21,70,26,2.6538461538461537,6,12,70.0,3.0,"['lol', 'happy', 'smile']","['new york', 'london', 'australia']",60,77,0.44155844155844154,0.33766233766233766,77.92207792207793,8,Thursday,3,0
71,https://tito.name,23,13-04-2023 08:04,yes,photo,2023-04-13 08:04:00,23,Eveline95,77,43,no,no,2400,71,37,71,26,71,26,2.3461538461538463,6,14,71.0,3.0,"['style', 'hair', 'fashion']","['japan', 'Mumbai', 'bangalore']",63,77,0.4805194805194805,0.33766233766233766,81.81818181818183,8,Thursday,3,0
72,https://julian.net,23,13-04-2023 08:04,no,photo,2023-04-13 08:04:00,23,Eveline95,77,43,no,no,2400,72,33,72,19,72,29,2.413793103448276,6,14,72.0,3.0,"['beauty', 'beach', 'smile']","['bangalore', 'london', 'australia']",62,77,0.42857142857142855,0.37662337662337664,80.51948051948052,8,Thursday,3,0
73,https://mafalda.org,23,13-04-2023 08:04,yes,photo,2023-04-13 08:04:00,23,Eveline95,77,43,no,no,2400,73,31,73,19,73,29,2.4827586206896552,6,14,73.0,2.0,"['fun', 'smile']","['brazil', 'australia']",60,77,0.4025974025974026,0.37662337662337664,77.92207792207793,8,Thursday,3,0
74,http://verner.org,23,13-04-2023 08:04,no,carousel,2023-04-13 08:04:00,23,Eveline95,77,43,no,no,2400,74,34,74,29,74,27,2.3703703703703702,6,14,74.0,2.0,"['hair', 'fashion']","['Mumbai', 'bangalore']",61,77,0.44155844155844154,0.35064935064935066,79.22077922077922,8,Thursday,3,0
75,https://elmore.org,26,13-04-2023 08:04,no,video,2023-04-13 08:04:00,26,Josianne.Friesen,76,42,no,no,56,75,33,75,17,75,31,2.2580645161290325,6,16,75.0,3.0,"['sunset', 'landscape', 'beach']","['florida', 'london', 'london']",64,76,0.4342105263157895,0.40789473684210525,84.21052631578947,8,Thursday,3,0
76,http://kasandra.com,26,13-04-2023 08:04,no,photo,2023-04-13 08:04:00,26,Josianne.Friesen,76,42,no,no,56,76,32,76,22,76,28,2.5714285714285716,6,14,76.0,2.0,"['lol', 'happy']","['new york', 'london']",60,76,0.42105263157894735,0.3684210526315789,78.94736842105263,8,Thursday,3,0
77,https://jarret.info,26,13-04-2023 08:04,yes,photo,2023-04-13 08:04:00,26,Josianne.Friesen,76,42,no,no,56,77,35,77,27,77,28,2.4285714285714284,6,13,,0.0,,,63,76,0.4605263157894737,0.3684210526315789,82.89473684210526,8,Thursday,3,0
78,http://einar.net,26,13-04-2023 08:04,yes,photo,2023-04-13 08:04:00,26,Josianne.Friesen,76,42,no,no,56,78,34,78,22,78,28,2.25,6,15,78.0,3.0,"['hair', 'fashion', 'party']","['Mumbai', 'bangalore', 'florida']",62,76,0.4473684210526316,0.3684210526315789,81.57894736842105,8,Thursday,3,0
79,http://terry.info,26,13-04-2023 08:04,yes,carousel,2023-04-13 08:04:00,26,Josianne.Friesen,76,42,no,no,56,79,34,79,21,79,26,2.6538461538461537,6,12,79.0,3.0,"['food', 'foodie', 'delicious']","['brazil', 'japan', 'Mumbai']",60,76,0.4473684210526316,0.34210526315789475,78.94736842105263,8,Thursday,3,0
80,https://holden.com,27,13-04-2023 08:04,yes,video,2023-04-13 08:04:00,27,Darwin29,76,42,no,yes,78,80,35,80,28,80,29,2.310344827586207,6,15,,0.0,,,64,76,0.4605263157894737,0.3815789473684211,84.21052631578947,8,Thursday,3,0
81,https://jacinto.org,28,13-04-2023 08:04,no,photo,2023-04-13 08:04:00,28,Dario77,76,42,yes,yes,2,81,38,81,20,81,26,2.4615384615384617,6,13,,0.0,,,64,76,0.5,0.34210526315789475,84.21052631578947,8,Thursday,3,0
82,https://geoffrey.info,28,13-04-2023 08:04,yes,photo,2023-04-13 08:04:00,28,Dario77,76,42,yes,yes,2,82,35,82,19,82,27,2.259259259259259,6,14,,0.0,,,62,76,0.4605263157894737,0.35526315789473684,81.57894736842105,8,Thursday,3,0
83,http://paxton.com,28,13-04-2023 08:04,no,photo,2023-04-13 08:04:00,28,Dario77,76,42,yes,yes,2,83,31,83,27,83,30,2.533333333333333,6,15,83.0,2.0,"['sunset', 'sunrise']","['florida', 'new york']",61,76,0.40789473684210525,0.39473684210526316,80.26315789473685,8,Thursday,3,0
84,https://trinity.biz,28,13-04-2023 08:04,no,carousel,2023-04-13 08:04:00,28,Dario77,76,42,yes,yes,2,84,35,84,23,84,30,2.3,6,15,84.0,3.0,"['fun', 'party', 'concert']","['brazil', 'florida', 'washington DC']",65,76,0.4605263157894737,0.39473684210526316,85.52631578947368,8,Thursday,3,0
85,http://fabiola.org,29,13-04-2023 08:04,no,video,2023-04-13 08:04:00,29,Jaime53,77,42,yes,no,1,85,36,85,21,85,26,2.6538461538461537,6,12,85.0,3.0,"['sunset', 'sunrise', 'beach']","['florida', 'new york', 'london']",62,77,0.4675324675324675,0.33766233766233766,80.51948051948052,8,Thursday,3,0
86,https://bryce.org,29,13-04-2023 08:04,yes,photo,2023-04-13 08:04:00,29,Jaime53,77,42,yes,no,1,86,34,86,26,86,28,2.3214285714285716,6,15,86.0,1.0,['fun'],['brazil'],62,77,0.44155844155844154,0.36363636363636365,80.51948051948052,8,Thursday,3,0
87,http://emery.net,29,13-04-2023 08:04,yes,photo,2023-04-13 08:04:00,29,Jaime53,77,42,yes,no,1,87,37,87,20,87,25,2.4,6,12,87.0,3.0,"['happy', 'fun', 'smile']","['london', 'brazil', 'australia']",62,77,0.4805194805194805,0.3246753246753247,80.51948051948052,8,Thursday,3,0
88,https://marian.biz,29,13-04-2023 08:04,yes,photo,2023-04-13 08:04:00,29,Jaime53,77,42,yes,no,1,88,33,88,23,88,32,2.5,6,16,88.0,2.0,"['party', 'concert']","['florida', 'washington DC']",65,77,0.42857142857142855,0.4155844155844156,84.4155844155844,8,Thursday,3,0
89,https://kennedi.org,29,13-04-2023 08:04,yes,carousel,2023-04-13 08:04:00,29,Jaime53,77,42,yes,no,1,89,32,89,26,89,32,2.3125,6,16,,0.0,,,64,77,0.4155844155844156,0.4155844155844156,83.11688311688312,8,Thursday,3,0
90,https://fanny.net,29,13-04-2023 08:04,no,video,2023-04-13 08:04:00,29,Jaime53,77,42,yes,no,1,90,36,90,24,90,32,2.4375,6,16,90.0,2.0,"['style', 'party']","['japan', 'florida']",68,77,0.4675324675324675,0.4155844155844156,88.31168831168831,8,Thursday,3,0
91,http://lottie.net,29,13-04-2023 08:04,yes,photo,2023-04-13 08:04:00,29,Jaime53,77,42,yes,no,1,91,34,91,22,91,28,2.392857142857143,6,14,91.0,3.0,"['sunset', 'sunrise', 'landscape']","['florida', 'new york', 'london']",62,77,0.44155844155844154,0.36363636363636365,80.51948051948052,8,Thursday,3,0
92,http://lacy.biz,29,13-04-2023 08:04,no,photo,2023-04-13 08:04:00,29,Jaime53,77,42,yes,no,1,92,29,92,21,92,26,2.423076923076923,6,13,92.0,1.0,['drunk'],['new york'],55,77,0.37662337662337664,0.33766233766233766,71.42857142857143,8,Thursday,3,0
93,https://jensen.name,30,13-04-2023 08:04,no,photo,2023-04-13 08:04:00,30,Kaley9,76,42,no,no,0,93,31,93,15,93,29,2.4482758620689653,6,15,93.0,4.0,"['fun', 'party', 'concert', 'smile']","['brazil', 'florida', 'washington DC', 'australia']",60,76,0.40789473684210525,0.3815789473684211,78.94736842105263,8,Thursday,3,0
94,http://virginia.org,30,13-04-2023 08:04,no,carousel,2023-04-13 08:04:00,30,Kaley9,76,42,no,no,0,94,34,94,29,94,30,2.3,6,15,94.0,5.0,"['fun', 'party', 'concert', 'drunk', 'smile']","['brazil', 'florida', 'washington DC', 'new york', 'australia']",64,76,0.4473684210526316,0.39473684210526316,84.21052631578947,8,Thursday,3,0
95,https://ariel.net,31,13-04-2023 08:04,yes,video,2023-04-13 08:04:00,31,Aiyana_Hoeger,76,42,no,no,12,95,28,95,22,95,35,2.4857142857142858,6,17,95.0,5.0,"['fun', 'party', 'concert', 'drunk', 'smile']","['brazil', 'florida', 'washington DC', 'new york', 'australia']",63,76,0.3684210526315789,0.4605263157894737,82.89473684210526,8,Thursday,3,0
96,http://roger.info,32,13-04-2023 08:04,yes,photo,2023-04-13 08:04:00,32,Irwin.Larson,76,42,yes,no,45,96,32,96,16,96,26,2.423076923076923,6,13,96.0,2.0,"['hair', 'party']","['Mumbai', 'florida']",58,76,0.42105263157894735,0.34210526315789475,76.31578947368422,8,Thursday,3,0
97,https://carolanne.com,32,13-04-2023 08:04,yes,photo,2023-04-13 08:04:00,32,Irwin.Larson,76,42,yes,no,45,97,40,97,25,97,32,2.46875,6,16,97.0,3.0,"['food', 'foodie', 'delicious']","['brazil', 'japan', 'Mumbai']",72,76,0.5263157894736842,0.42105263157894735,94.73684210526315,8,Thursday,3,0
98,https://margarita.info,32,13-04-2023 08:04,yes,photo,2023-04-13 08:04:00,32,Irwin.Larson,76,42,yes,no,45,98,34,98,30,98,28,2.357142857142857,6,14,98.0,4.0,"['style', 'hair', 'fashion', 'party']","['japan', 'Mumbai', 'bangalore', 'florida']",62,76,0.4473684210526316,0.3684210526315789,81.57894736842105,8,Thursday,3,0
99,https://kayden.biz,32,13-04-2023 08:04,no,carousel,2023-04-13 08:04:00,32,Irwin.Larson,76,42,yes,no,45,99,34,99,16,99,32,2.46875,6,16,,0.0,,,66,76,0.4473684210526316,0.42105263157894735,86.8421052631579,8,Thursday,3,0
100,https://brook.com,33,13-04-2023 08:04,yes,video,2023-04-13 08:04:00,33,Yvette.Gottlieb91,76,42,yes,no,370,100,39,100,26,100,27,2.259259259259259,6,14,100.0,1.0,['beach'],['london'],66,76,0.5131578947368421,0.35526315789473684,86.8421052631579,8,Thursday,3,0
101,https://gust.net,33,13-04-2023 08:04,no,photo,2023-04-13 08:04:00,33,Yvette.Gottlieb91,76,42,yes,no,370,101,36,101,28,101,23,2.5217391304347827,6,11,101.0,2.0,"['style', 'fashion']","['japan', 'bangalore']",59,76,0.47368421052631576,0.3026315789473684,77.63157894736842,8,Thursday,3,0
102,http://bridie.name,33,13-04-2023 08:04,no,photo,2023-04-13 08:04:00,33,Yvette.Gottlieb91,76,42,yes,no,370,102,34,102,21,102,27,2.5555555555555554,6,13,102.0,3.0,"['style', 'hair', 'fashion']","['japan', 'Mumbai', 'bangalore']",61,76,0.4473684210526316,0.35526315789473684,80.26315789473685,8,Thursday,3,0
103,http://barton.name,33,13-04-2023 08:04,no,photo,2023-04-13 08:04:00,33,Yvette.Gottlieb91,76,42,yes,no,370,103,35,103,19,103,30,2.3666666666666667,6,15,103.0,1.0,['food'],['brazil'],65,76,0.4605263157894737,0.39473684210526316,85.52631578947368,8,Thursday,3,0
104,https://karina.biz,33,13-04-2023 08:04,yes,carousel,2023-04-13 08:04:00,33,Yvette.Gottlieb91,76,42,yes,no,370,104,31,104,23,104,34,2.3823529411764706,6,18,,0.0,,,65,76,0.40789473684210525,0.4473684210526316,85.52631578947368,8,Thursday,3,0
105,https://mariam.com,35,13-04-2023 08:04,yes,video,2023-04-13 08:04:00,35,Lennie_Hartmann40,76,42,no,no,2400,105,33,105,21,105,29,2.3793103448275863,6,14,,0.0,,,62,76,0.4342105263157895,0.3815789473684211,81.57894736842105,8,Thursday,3,0
106,https://trycia.com,35,13-04-2023 08:04,yes,photo,2023-04-13 08:04:00,35,Lennie_Hartmann40,76,42,no,no,2400,106,36,106,23,106,24,2.4166666666666665,6,12,,0.0,,,60,76,0.47368421052631576,0.3157894736842105,78.94736842105263,8,Thursday,3,0
107,https://everette.biz,37,13-04-2023 08:04,yes,photo,2023-04-13 08:04:00,37,Yazmin_Mills95,76,42,yes,no,59,107,39,107,30,107,26,2.423076923076923,6,13,107.0,3.0,"['lol', 'happy', 'smile']","['new york', 'london', 'australia']",65,76,0.5131578947368421,0.34210526315789475,85.52631578947368,8,Thursday,3,0
108,http://boris.biz,38,13-04-2023 08:04,no,photo,2023-04-13 08:04:00,38,Jordyn.Jacobson2,76,42,no,no,56,108,29,108,17,108,32,2.46875,6,16,108.0,1.0,['lol'],['new york'],61,76,0.3815789473684211,0.42105263157894735,80.26315789473685,8,Thursday,3,0
109,http://arthur.name,38,13-04-2023 08:04,yes,carousel,2023-04-13 08:04:00,38,Jordyn.Jacobson2,76,42,no,no,56,109,33,109,24,109,28,2.357142857142857,6,14,109.0,3.0,"['beauty', 'stunning', 'dreamy']","['bangalore', 'florida', 'washington DC']",61,76,0.4342105263157895,0.3684210526315789,80.26315789473685,8,Thursday,3,0
110,https://cesar.com,39,13-04-2023 08:04,no,video,2023-04-13 08:04:00,39,Kelsi26,76,42,no,no,78,110,39,110,23,110,27,2.4814814814814814,6,14,110.0,1.0,['photography'],['washington DC'],66,76,0.5131578947368421,0.35526315789473684,86.8421052631579,8,Thursday,3,0
111,http://charlie.com,40,13-04-2023 08:04,no,photo,2023-04-13 08:04:00,40,Rafael.Hickle2,76,42,yes,no,2,111,33,111,24,111,26,2.3846153846153846,6,13,111.0,4.0,"['style', 'hair', 'fashion', 'party']","['japan', 'Mumbai', 'bangalore', 'florida']",59,76,0.4342105263157895,0.34210526315789475,77.63157894736842,8,Thursday,3,0
112,https://lina.biz,42,13-04-2023 08:04,no,photo,2023-04-13 08:04:00,42,Maya.Farrell,76,42,no,no,0,112,35,112,24,112,31,2.3870967741935485,6,15,112.0,3.0,"['stunning', 'beach', 'smile']","['florida', 'london', 'australia']",66,76,0.4605263157894737,0.40789473684210525,86.8421052631579,8,Thursday,3,0
113,https://darwin.net,42,13-04-2023 08:04,yes,photo,2023-04-13 08:04:00,42,Maya.Farrell,76,42,no,no,0,113,36,113,27,113,30,2.433333333333333,6,15,,0.0,,,66,76,0.47368421052631576,0.39473684210526316,86.8421052631579,8,Thursday,3,0
114,https://aliyah.biz,42,13-04-2023 08:04,yes,carousel,2023-04-13 08:04:00,42,Maya.Farrell,76,42,no,no,0,114,32,114,19,114,26,2.4615384615384617,6,13,,0.0,,,58,76,0.42105263157894735,0.34210526315789475,76.31578947368422,8,Thursday,3,0
115,http://euna.info,43,13-04-2023 08:04,yes,video,2023-04-13 08:04:00,43,Janet.Armstrong,76,41,no,yes,11,115,31,115,18,115,31,2.4193548387096775,6,16,,0.0,,,62,76,0.40789473684210525,0.40789473684210525,81.57894736842105,8,Thursday,3,0
116,https://maymie.net,43,13-04-2023 08:04,yes,photo,2023-04-13 08:04:00,43,Janet.Armstrong,76,41,no,yes,11,116,36,116,26,116,33,2.3636363636363638,6,16,116.0,1.0,['delicious'],['Mumbai'],69,76,0.47368421052631576,0.4342105263157895,90.78947368421053,8,Thursday,3,0
117,http://joanie.name,43,13-04-2023 08:04,no,photo,2023-04-13 08:04:00,43,Janet.Armstrong,76,41,no,yes,11,117,35,117,21,117,27,2.4814814814814814,6,14,117.0,1.0,['smile'],['australia'],62,76,0.4605263157894737,0.35526315789473684,81.57894736842105,8,Thursday,3,0
118,http://whitney.net,43,13-04-2023 08:04,yes,photo,2023-04-13 08:04:00,43,Janet.Armstrong,76,41,no,yes,11,118,39,118,28,118,35,2.4571428571428573,6,17,118.0,3.0,"['sunset', 'landscape', 'beach']","['florida', 'london', 'london']",74,76,0.5131578947368421,0.4605263157894737,97.36842105263158,8,Thursday,3,0
119,http://garrison.name,43,13-04-2023 08:04,no,carousel,2023-04-13 08:04:00,43,Janet.Armstrong,76,41,no,yes,11,119,39,119,30,119,28,2.3214285714285716,6,14,,0.0,,,67,76,0.5131578947368421,0.3684210526315789,88.1578947368421,8,Thursday,3,0
120,https://olga.org,44,13-04-2023 08:04,no,video,2023-04-13 08:04:00,44,Seth46,76,42,yes,no,7,120,37,120,18,120,29,2.310344827586207,6,15,120.0,3.0,"['party', 'drunk', 'smile']","['florida', 'new york', 'australia']",66,76,0.4868421052631579,0.3815789473684211,86.8421052631579,8,Thursday,3,0
121,https://donavon.org,44,13-04-2023 08:04,no,photo,2023-04-13 08:04:00,44,Seth46,76,42,yes,no,7,121,34,121,23,121,31,2.5161290322580645,6,15,121.0,4.0,"['lol', 'happy', 'fun', 'smile']","['new york', 'london', 'brazil', 'australia']",65,76,0.4473684210526316,0.40789473684210525,85.52631578947368,8,Thursday,3,0
122,http://moses.biz,44,13-04-2023 08:04,yes,photo,2023-04-13 08:04:00,44,Seth46,76,42,yes,no,7,122,33,122,24,122,27,2.4074074074074074,6,14,122.0,1.0,['hair'],['Mumbai'],60,76,0.4342105263157895,0.35526315789473684,78.94736842105263,8,Thursday,3,0
123,http://shannon.org,44,13-04-2023 08:04,yes,photo,2023-04-13 08:04:00,44,Seth46,76,42,yes,no,7,123,42,123,30,123,31,2.4838709677419355,6,15,123.0,3.0,"['style', 'hair', 'party']","['japan', 'Mumbai', 'florida']",73,76,0.5526315789473685,0.40789473684210525,96.05263157894737,8,Thursday,3,0
124,http://kendrick.net,46,13-04-2023 08:04,yes,carousel,2023-04-13 08:04:00,46,Malinda_Streich,76,42,no,no,1,124,34,124,21,124,33,2.4545454545454546,6,16,124.0,3.0,"['hair', 'fashion', 'party']","['Mumbai', 'bangalore', 'florida']",67,76,0.4473684210526316,0.4342105263157895,88.1578947368421,8,Thursday,3,0
125,https://carey.com,46,13-04-2023 08:04,yes,video,2023-04-13 08:04:00,46,Malinda_Streich,76,42,no,no,1,125,33,125,25,125,27,2.3703703703703702,6,14,125.0,2.0,"['lol', 'happy']","['new york', 'london']",60,76,0.4342105263157895,0.35526315789473684,78.94736842105263,8,Thursday,3,0
126,http://lia.biz,46,13-04-2023 08:04,no,photo,2023-04-13 08:04:00,46,Malinda_Streich,76,42,no,no,1,126,35,126,18,126,31,2.2580645161290325,6,16,126.0,3.0,"['photography', 'sunrise', 'landscape']","['washington DC', 'new york', 'london']",66,76,0.4605263157894737,0.40789473684210525,86.8421052631579,8,Thursday,3,0
127,https://celestine.name,46,13-04-2023 08:04,yes,photo,2023-04-13 08:04:00,46,Malinda_Streich,76,42,no,no,1,127,43,127,30,127,30,2.533333333333333,6,15,127.0,1.0,['smile'],['australia'],73,76,0.5657894736842105,0.39473684210526316,96.05263157894737,8,Thursday,3,0
128,http://laila.info,47,13-04-2023 08:04,no,photo,2023-04-13 08:04:00,47,Harrison.Beatty50,76,42,no,no,3,128,34,128,26,128,32,2.5,6,15,,0.0,,,66,76,0.4473684210526316,0.42105263157894735,86.8421052631579,8,Thursday,3,0
129,http://buddy.com,47,13-04-2023 08:04,no,carousel,2023-04-13 08:04:00,47,Harrison.Beatty50,76,42,no,no,3,129,29,129,13,129,23,2.260869565217391,6,12,,0.0,,,52,76,0.3815789473684211,0.3026315789473684,68.42105263157895,8,Thursday,3,0
130,http://americo.biz,47,13-04-2023 08:04,no,video,2023-04-13 08:04:00,47,Harrison.Beatty50,76,42,no,no,3,130,29,130,20,130,35,2.342857142857143,6,18,,0.0,,,64,76,0.3815789473684211,0.4605263157894737,84.21052631578947,8,Thursday,3,0
131,http://lurline.info,47,13-04-2023 08:04,yes,photo,2023-04-13 08:04:00,47,Harrison.Beatty50,76,42,no,no,3,131,29,131,26,131,26,2.6538461538461537,6,12,131.0,1.0,['food'],['brazil'],55,76,0.3815789473684211,0.34210526315789475,72.36842105263158,8,Thursday,3,0
132,http://kailee.org,47,13-04-2023 08:04,yes,photo,2023-04-13 08:04:00,47,Harrison.Beatty50,76,42,no,no,3,132,30,132,15,132,30,2.3666666666666667,6,15,132.0,5.0,"['fun', 'party', 'concert', 'drunk', 'smile']","['brazil', 'florida', 'washington DC', 'new york', 'australia']",60,76,0.39473684210526316,0.39473684210526316,78.94736842105263,8,Thursday,3,0
133,https://edyth.com,48,13-04-2023 08:04,yes,photo,2023-04-13 08:04:00,48,Granville_Kutch,76,42,yes,no,14,133,37,133,23,133,34,2.3823529411764706,6,18,133.0,4.0,"['style', 'hair', 'fashion', 'party']","['japan', 'Mumbai', 'bangalore', 'florida']",71,76,0.4868421052631579,0.4473684210526316,93.42105263157895,8,Thursday,3,0
134,https://isaias.biz,50,13-04-2023 08:04,yes,carousel,2023-04-13 08:04:00,50,Gerard79,76,42,no,no,12,134,34,134,27,134,24,2.4166666666666665,6,12,134.0,4.0,"['lol', 'happy', 'fun', 'smile']","['new york', 'london', 'brazil', 'australia']",58,76,0.4473684210526316,0.3157894736842105,76.31578947368422,8,Thursday,3,0
135,http://rosetta.net,50,13-04-2023 08:04,no,video,2023-04-13 08:04:00,50,Gerard79,76,42,no,no,12,135,29,135,15,135,30,2.3,6,15,135.0,1.0,['party'],['florida'],59,76,0.3815789473684211,0.39473684210526316,77.63157894736842,8,Thursday,3,0
136,https://marianna.info,50,13-04-2023 08:04,yes,photo,2023-04-13 08:04:00,50,Gerard79,76,42,no,no,12,136,35,136,21,136,34,2.5,6,17,136.0,5.0,"['beauty', 'stunning', 'dreamy', 'beach', 'smile']","['bangalore', 'florida', 'washington DC', 'london', 'australia']",69,76,0.4605263157894737,0.4473684210526316,90.78947368421053,8,Thursday,3,0
137,https://roel.org,51,13-04-2023 08:04,no,photo,2023-04-13 08:04:00,51,Mariano_Koch3,77,43,no,no,45,137,35,137,28,137,29,2.5172413793103448,6,14,137.0,4.0,"['lol', 'happy', 'fun', 'smile']","['new york', 'london', 'brazil', 'australia']",64,77,0.45454545454545453,0.37662337662337664,83.11688311688312,8,Thursday,3,0
138,http://julia.info,51,13-04-2023 08:04,no,photo,2023-04-13 08:04:00,51,Mariano_Koch3,77,43,no,no,45,138,34,138,21,138,28,2.3214285714285716,6,14,138.0,3.0,"['stunning', 'dreamy', 'beach']","['florida', 'washington DC', 'london']",62,77,0.44155844155844154,0.36363636363636365,80.51948051948052,8,Thursday,3,0
139,https://seamus.org,51,13-04-2023 08:04,no,carousel,2023-04-13 08:04:00,51,Mariano_Koch3,77,43,no,no,45,139,27,139,19,139,26,2.4615384615384617,6,13,139.0,1.0,['food'],['brazil'],53,77,0.35064935064935066,0.33766233766233766,68.83116883116884,8,Thursday,3,0
140,https://earline.info,51,13-04-2023 08:04,yes,video,2023-04-13 08:04:00,51,Mariano_Koch3,77,43,no,no,45,140,33,140,26,140,31,2.4193548387096775,6,16,140.0,2.0,"['lol', 'happy']","['new york', 'london']",64,77,0.42857142857142855,0.4025974025974026,83.11688311688312,8,Thursday,3,0
141,http://quinten.info,51,13-04-2023 08:04,yes,photo,2023-04-13 08:04:00,51,Mariano_Koch3,77,43,no,no,45,141,34,141,18,141,28,2.4285714285714284,6,13,141.0,1.0,['party'],['florida'],62,77,0.44155844155844154,0.36363636363636365,80.51948051948052,8,Thursday,3,0
142,https://dolores.org,52,13-04-2023 08:04,yes,photo,2023-04-13 08:04:00,52,Zack_Kemmer93,76,42,yes,no,370,142,32,142,19,142,28,2.25,6,15,142.0,2.0,"['beach', 'smile']","['london', 'australia']",60,76,0.42105263157894735,0.3684210526315789,78.94736842105263,8,Thursday,3,0
143,https://aimee.info,52,13-04-2023 08:04,yes,photo,2023-04-13 08:04:00,52,Zack_Kemmer93,76,42,yes,no,370,143,30,143,23,143,36,2.4166666666666665,6,18,,0.0,,,66,76,0.39473684210526316,0.47368421052631576,86.8421052631579,8,Thursday,3,0
144,https://roderick.name,52,13-04-2023 08:04,no,carousel,2023-04-13 08:04:00,52,Zack_Kemmer93,76,42,yes,no,370,144,39,144,26,144,23,2.5217391304347827,6,11,,0.0,,,62,76,0.5131578947368421,0.3026315789473684,81.57894736842105,8,Thursday,3,0
145,https://jarret.name,52,13-04-2023 08:04,yes,video,2023-04-13 08:04:00,52,Zack_Kemmer93,76,42,yes,no,370,145,48,145,28,145,27,2.5555555555555554,6,13,145.0,5.0,"['fun', 'party', 'concert', 'drunk', 'smile']","['brazil', 'florida', 'washington DC', 'new york', 'australia']",75,76,0.631578947368421,0.35526315789473684,98.68421052631578,8,Thursday,3,0
146,https://cathrine.com,52,13-04-2023 08:04,no,photo,2023-04-13 08:04:00,52,Zack_Kemmer93,76,42,yes,no,370,146,33,146,25,146,37,2.4054054054054053,6,19,,0.0,,,70,76,0.4342105263157895,0.4868421052631579,92.10526315789474,8,Thursday,3,0
147,https://adela.com,55,13-04-2023 08:04,no,photo,2023-04-13 08:04:00,55,Meggie_Doyle,76,41,no,no,7,147,41,147,28,147,34,2.323529411764706,6,17,147.0,1.0,['food'],['brazil'],75,76,0.5394736842105263,0.4473684210526316,98.68421052631578,8,Thursday,3,0
148,https://demarco.com,56,13-04-2023 08:04,no,photo,2023-04-13 08:04:00,56,Peter.Stehr0,76,41,yes,no,2,148,33,148,17,148,28,2.5,6,14,148.0,1.0,['lol'],['new york'],61,76,0.4342105263157895,0.3684210526315789,80.26315789473685,8,Thursday,3,0
149,https://lila.biz,58,13-04-2023 08:04,yes,carousel,2023-04-13 08:04:00,58,Aurelie71,77,42,no,no,3,149,34,149,28,149,32,2.34375,6,16,149.0,4.0,"['sunset', 'photography', 'landscape', 'beach']","['florida', 'washington DC', 'london', 'london']",66,77,0.44155844155844154,0.4155844155844156,85.71428571428571,8,Thursday,3,0
150,http://ruben.net,58,13-04-2023 08:04,yes,video,2023-04-13 08:04:00,58,Aurelie71,77,42,no,no,3,150,38,150,23,150,27,2.4814814814814814,6,14,,0.0,,,65,77,0.4935064935064935,0.35064935064935066,84.4155844155844,8,Thursday,3,0
151,https://alia.name,58,13-04-2023 08:04,yes,photo,2023-04-13 08:04:00,58,Aurelie71,77,42,no,no,3,151,32,151,21,151,30,2.3666666666666667,6,15,,0.0,,,62,77,0.4155844155844156,0.38961038961038963,80.51948051948052,8,Thursday,3,0
152,http://rickey.name,58,13-04-2023 08:04,yes,photo,2023-04-13 08:04:00,58,Aurelie71,77,42,no,no,3,152,33,152,27,152,29,2.5172413793103448,6,14,152.0,4.0,"['style', 'hair', 'fashion', 'party']","['japan', 'Mumbai', 'bangalore', 'florida']",62,77,0.42857142857142855,0.37662337662337664,80.51948051948052,8,Thursday,3,0
153,http://janie.com,58,13-04-2023 08:04,no,photo,2023-04-13 08:04:00,58,Aurelie71,77,42,no,no,3,153,40,153,28,153,32,2.3125,6,16,153.0,4.0,"['style', 'hair', 'fashion', 'party']","['japan', 'Mumbai', 'bangalore', 'florida']",72,77,0.5194805194805194,0.4155844155844156,93.5064935064935,8,Thursday,3,0
154,http://myron.org,58,13-04-2023 08:04,yes,carousel,2023-04-13 08:04:00,58,Aurelie71,77,42,no,no,3,154,34,154,18,154,34,2.4705882352941178,6,17,154.0,1.0,['smile'],['australia'],68,77,0.44155844155844154,0.44155844155844154,88.31168831168831,8,Thursday,3,0
155,http://pearl.info,58,13-04-2023 08:04,no,video,2023-04-13 08:04:00,58,Aurelie71,77,42,no,no,3,155,38,155,27,155,27,2.259259259259259,6,14,155.0,5.0,"['beauty', 'stunning', 'dreamy', 'beach', 'smile']","['bangalore', 'florida', 'washington DC', 'london', 'australia']",65,77,0.4935064935064935,0.35064935064935066,84.4155844155844,8,Thursday,3,0
156,http://victoria.biz,58,13-04-2023 08:04,no,photo,2023-04-13 08:04:00,58,Aurelie71,77,42,no,no,3,156,31,156,19,156,31,2.5161290322580645,6,15,156.0,2.0,"['food', 'foodie']","['brazil', 'japan']",62,77,0.4025974025974026,0.4025974025974026,80.51948051948052,8,Thursday,3,0
157,https://carmella.com,59,13-04-2023 08:04,no,photo,2023-04-13 08:04:00,59,Cesar93,77,42,no,no,14,157,33,157,23,157,39,2.41025641025641,6,20,157.0,4.0,"['lol', 'happy', 'fun', 'smile']","['new york', 'london', 'brazil', 'australia']",72,77,0.42857142857142855,0.5064935064935064,93.5064935064935,8,Thursday,3,0
158,http://leo.com,59,13-04-2023 08:04,yes,photo,2023-04-13 08:04:00,59,Cesar93,77,42,no,no,14,158,35,158,29,158,32,2.4375,6,16,158.0,1.0,['hair'],['Mumbai'],67,77,0.45454545454545453,0.4155844155844156,87.01298701298701,8,Thursday,3,0
159,http://jedediah.net,59,13-04-2023 08:04,yes,carousel,2023-04-13 08:04:00,59,Cesar93,77,42,no,no,14,159,31,159,18,159,27,2.4444444444444446,6,13,159.0,1.0,['food'],['brazil'],58,77,0.4025974025974026,0.35064935064935066,75.32467532467533,8,Thursday,3,0
160,http://sedrick.net,59,13-04-2023 08:04,yes,video,2023-04-13 08:04:00,59,Cesar93,77,42,no,no,14,160,31,160,16,160,31,2.4193548387096775,6,16,160.0,1.0,['food'],['brazil'],62,77,0.4025974025974026,0.4025974025974026,80.51948051948052,8,Thursday,3,0
161,https://clare.org,59,13-04-2023 08:04,yes,photo,2023-04-13 08:04:00,59,Cesar93,77,42,no,no,14,161,40,161,29,161,31,2.3548387096774195,6,15,161.0,1.0,['lol'],['new york'],71,77,0.5194805194805194,0.4025974025974026,92.20779220779221,8,Thursday,3,0
162,https://malcolm.name,59,13-04-2023 08:04,no,photo,2023-04-13 08:04:00,59,Cesar93,77,42,no,no,14,162,38,162,25,162,28,2.5357142857142856,6,14,162.0,3.0,"['style', 'hair', 'party']","['japan', 'Mumbai', 'florida']",66,77,0.4935064935064935,0.36363636363636365,85.71428571428571,8,Thursday,3,0
163,https://lesly.com,59,13-04-2023 08:04,yes,photo,2023-04-13 08:04:00,59,Cesar93,77,42,no,no,14,163,33,163,21,163,33,2.242424242424242,6,17,163.0,3.0,"['fun', 'drunk', 'smile']","['brazil', 'new york', 'australia']",66,77,0.42857142857142855,0.42857142857142855,85.71428571428571,8,Thursday,3,0
164,https://roberta.net,59,13-04-2023 08:04,no,carousel,2023-04-13 08:04:00,59,Cesar93,77,42,no,no,14,164,32,164,24,164,31,2.5161290322580645,6,15,,0.0,,,63,77,0.4155844155844156,0.4025974025974026,81.81818181818183,8,Thursday,3,0
165,https://estell.info,59,13-04-2023 08:04,no,video,2023-04-13 08:04:00,59,Cesar93,77,42,no,no,14,165,29,165,19,165,26,2.4615384615384617,6,13,,0.0,,,55,77,0.37662337662337664,0.33766233766233766,71.42857142857143,8,Thursday,3,0
166,http://kaleigh.biz,59,13-04-2023 08:04,no,photo,2023-04-13 08:04:00,59,Cesar93,77,42,no,no,14,166,36,166,22,166,30,2.466666666666667,6,15,166.0,2.0,"['fun', 'party']","['brazil', 'florida']",66,77,0.4675324675324675,0.38961038961038963,85.71428571428571,8,Thursday,3,0
167,http://blanca.org,60,13-04-2023 08:04,yes,photo,2023-04-13 08:04:00,60,Sam52,76,41,yes,no,244,167,31,167,23,167,29,2.3793103448275863,6,14,,0.0,,,60,76,0.40789473684210525,0.3815789473684211,78.94736842105263,8,Thursday,3,0
168,http://delpha.com,60,13-04-2023 08:04,yes,photo,2023-04-13 08:04:00,60,Sam52,76,41,yes,no,244,168,32,168,16,168,29,2.3448275862068964,6,15,168.0,2.0,"['food', 'foodie']","['brazil', 'japan']",61,76,0.42105263157894735,0.3815789473684211,80.26315789473685,8,Thursday,3,0
169,http://annabelle.org,61,13-04-2023 08:04,yes,carousel,2023-04-13 08:04:00,61,Jayson65,76,41,yes,no,12,169,38,169,30,169,28,2.5,6,14,169.0,1.0,['happy'],['london'],66,76,0.5,0.3684210526315789,86.8421052631579,8,Thursday,3,0
170,http://ephraim.com,62,13-04-2023 08:04,yes,video,2023-04-13 08:04:00,62,Ressie_Stanton46,76,41,no,no,45,170,34,170,25,170,28,2.392857142857143,6,14,,0.0,,,62,76,0.4473684210526316,0.3684210526315789,81.57894736842105,8,Thursday,3,0
171,https://dameon.name,62,13-04-2023 08:04,no,photo,2023-04-13 08:04:00,62,Ressie_Stanton46,76,41,no,no,45,171,36,171,24,171,34,2.3823529411764706,6,17,171.0,5.0,"['beauty', 'stunning', 'dreamy', 'beach', 'smile']","['bangalore', 'florida', 'washington DC', 'london', 'australia']",70,76,0.47368421052631576,0.4473684210526316,92.10526315789474,8,Thursday,3,0
172,https://julianne.org,63,13-04-2023 08:04,yes,photo,2023-04-13 08:04:00,63,Elenor88,76,41,no,no,370,172,32,172,20,172,29,2.310344827586207,6,15,172.0,3.0,"['style', 'hair', 'fashion']","['japan', 'Mumbai', 'bangalore']",61,76,0.42105263157894735,0.3815789473684211,80.26315789473685,8,Thursday,3,0
173,https://jasmin.biz,63,13-04-2023 08:04,no,photo,2023-04-13 08:04:00,63,Elenor88,76,41,no,no,370,173,34,173,25,173,29,2.586206896551724,6,14,173.0,3.0,"['hair', 'fashion', 'party']","['Mumbai', 'bangalore', 'florida']",63,76,0.4473684210526316,0.3815789473684211,82.89473684210526,8,Thursday,3,0
174,https://delbert.net,63,13-04-2023 08:04,no,carousel,2023-04-13 08:04:00,63,Elenor88,76,41,no,no,370,174,41,174,20,174,30,2.3333333333333335,6,15,174.0,1.0,['food'],['brazil'],71,76,0.5394736842105263,0.39473684210526316,93.42105263157895,8,Thursday,3,0
175,https://norval.com,63,13-04-2023 08:04,no,video,2023-04-13 08:04:00,63,Elenor88,76,41,no,no,370,175,28,175,19,175,35,2.4285714285714284,6,18,175.0,2.0,"['party', 'concert']","['florida', 'washington DC']",63,76,0.3684210526315789,0.4605263157894737,82.89473684210526,8,Thursday,3,0
176,https://jessy.name,64,13-04-2023 08:04,yes,photo,2023-04-13 08:04:00,64,Florence99,77,42,yes,yes,1293,176,33,176,29,176,35,2.4571428571428573,6,17,,0.0,,,68,77,0.42857142857142855,0.45454545454545453,88.31168831168831,8,Thursday,3,0
177,https://nolan.name,64,13-04-2023 08:04,yes,photo,2023-04-13 08:04:00,64,Florence99,77,42,yes,yes,1293,177,36,177,21,177,27,2.259259259259259,6,14,177.0,2.0,"['hair', 'party']","['Mumbai', 'florida']",63,77,0.4675324675324675,0.35064935064935066,81.81818181818183,8,Thursday,3,0
178,http://devon.info,64,13-04-2023 08:04,yes,photo,2023-04-13 08:04:00,64,Florence99,77,42,yes,yes,1293,178,37,178,24,178,33,2.5454545454545454,6,16,178.0,1.0,['fashion'],['bangalore'],70,77,0.4805194805194805,0.42857142857142855,90.9090909090909,8,Thursday,3,0
179,http://ora.net,64,13-04-2023 08:04,yes,carousel,2023-04-13 08:04:00,64,Florence99,77,42,yes,yes,1293,179,30,179,22,179,21,2.380952380952381,6,11,,0.0,,,51,77,0.38961038961038963,0.2727272727272727,66.23376623376623,8,Thursday,3,0
180,https://vivien.com,64,13-04-2023 08:04,no,video,2023-04-13 08:04:00,64,Florence99,77,42,yes,yes,1293,180,39,180,24,180,29,2.3793103448275863,6,14,,0.0,,,68,77,0.5064935064935064,0.37662337662337664,88.31168831168831,8,Thursday,3,0
181,https://hilda.info,65,13-04-2023 08:04,yes,photo,2023-04-13 08:04:00,65,Adelle96,76,41,yes,no,2400,181,35,181,24,181,31,2.4516129032258065,6,16,181.0,2.0,"['food', 'delicious']","['brazil', 'Mumbai']",66,76,0.4605263157894737,0.40789473684210525,86.8421052631579,8,Thursday,3,0
182,https://dorcas.biz,65,13-04-2023 08:04,no,photo,2023-04-13 08:04:00,65,Adelle96,76,41,yes,no,2400,182,43,182,28,182,28,2.392857142857143,6,14,182.0,4.0,"['beauty', 'dreamy', 'beach', 'smile']","['bangalore', 'washington DC', 'london', 'australia']",71,76,0.5657894736842105,0.3684210526315789,93.42105263157895,8,Thursday,3,0
183,http://hettie.net,65,13-04-2023 08:04,no,photo,2023-04-13 08:04:00,65,Adelle96,76,41,yes,no,2400,183,38,183,21,183,30,2.466666666666667,6,15,183.0,1.0,['food'],['brazil'],68,76,0.5,0.39473684210526316,89.47368421052632,8,Thursday,3,0
184,http://rico.biz,65,13-04-2023 08:04,no,carousel,2023-04-13 08:04:00,65,Adelle96,76,41,yes,no,2400,184,30,184,21,184,24,2.4166666666666665,6,12,184.0,3.0,"['happy', 'fun', 'smile']","['london', 'brazil', 'australia']",54,76,0.39473684210526316,0.3157894736842105,71.05263157894737,8,Thursday,3,0
185,http://jody.biz,65,13-04-2023 08:04,yes,video,2023-04-13 08:04:00,65,Adelle96,76,41,yes,no,2400,185,33,185,26,185,29,2.413793103448276,6,14,185.0,5.0,"['beauty', 'stunning', 'dreamy', 'beach', 'smile']","['bangalore', 'florida', 'washington DC', 'london', 'australia']",62,76,0.4342105263157895,0.3815789473684211,81.57894736842105,8,Thursday,3,0
186,http://sheila.com,67,13-04-2023 08:04,yes,photo,2023-04-13 08:04:00,67,Emilio_Bernier52,76,41,no,no,59,186,36,186,20,186,27,2.259259259259259,6,14,,0.0,,,63,76,0.47368421052631576,0.35526315789473684,82.89473684210526,8,Thursday,3,0
187,http://germaine.name,67,13-04-2023 08:04,yes,photo,2023-04-13 08:04:00,67,Emilio_Bernier52,76,41,no,no,59,187,31,187,22,187,33,2.5454545454545454,6,16,,0.0,,,64,76,0.40789473684210525,0.4342105263157895,84.21052631578947,8,Thursday,3,0
188,https://mariane.org,67,13-04-2023 08:04,yes,photo,2023-04-13 08:04:00,67,Emilio_Bernier52,76,41,no,no,59,188,30,188,23,188,27,2.259259259259259,6,14,188.0,3.0,"['lol', 'fun', 'smile']","['new york', 'brazil', 'australia']",57,76,0.39473684210526316,0.35526315789473684,75.0,8,Thursday,3,0
189,http://reva.com,69,13-04-2023 08:04,no,carousel,2023-04-13 08:04:00,69,Karley_Bosco,76,41,yes,no,78,189,36,189,24,189,32,2.5625,6,15,189.0,3.0,"['beauty', 'dreamy', 'beach']","['bangalore', 'washington DC', 'london']",68,76,0.47368421052631576,0.42105263157894735,89.47368421052632,8,Thursday,3,0
190,https://llewellyn.info,70,13-04-2023 08:04,yes,video,2023-04-13 08:04:00,70,Erick5,76,41,no,no,2,190,36,190,24,190,29,2.3448275862068964,6,15,190.0,2.0,"['party', 'concert']","['florida', 'washington DC']",65,76,0.47368421052631576,0.3815789473684211,85.52631578947368,8,Thursday,3,0
191,http://ellen.info,72,13-04-2023 08:04,no,photo,2023-04-13 08:04:00,72,Kathryn80,76,41,yes,no,12,191,31,191,21,191,30,2.433333333333333,6,15,191.0,2.0,"['food', 'foodie']","['brazil', 'japan']",61,76,0.40789473684210525,0.39473684210526316,80.26315789473685,8,Thursday,3,0
192,https://anahi.info,72,13-04-2023 08:04,no,photo,2023-04-13 08:04:00,72,Kathryn80,76,41,yes,no,12,192,41,192,24,192,29,2.310344827586207,6,15,,0.0,,,70,76,0.5394736842105263,0.3815789473684211,92.10526315789474,8,Thursday,3,0
193,https://javonte.org,72,13-04-2023 08:04,no,photo,2023-04-13 08:04:00,72,Kathryn80,76,41,yes,no,12,193,30,193,18,193,26,2.6538461538461537,6,12,,0.0,,,56,76,0.39473684210526316,0.34210526315789475,73.68421052631578,8,Thursday,3,0
194,http://florine.org,72,13-04-2023 08:04,yes,carousel,2023-04-13 08:04:00,72,Kathryn80,76,41,yes,no,12,194,29,194,25,194,30,2.3666666666666667,6,15,194.0,1.0,['sunset'],['florida'],59,76,0.3815789473684211,0.39473684210526316,77.63157894736842,8,Thursday,3,0
195,http://marcellus.info,72,13-04-2023 08:04,yes,video,2023-04-13 08:04:00,72,Kathryn80,76,41,yes,no,12,195,26,195,17,195,33,2.4242424242424243,6,17,,0.0,,,59,76,0.34210526315789475,0.4342105263157895,77.63157894736842,8,Thursday,3,0
196,http://stan.biz,73,13-04-2023 08:04,yes,photo,2023-04-13 08:04:00,73,Jaylan.Lakin,76,41,yes,no,3,196,38,196,25,196,35,2.4,6,18,,0.0,,,73,76,0.5,0.4605263157894737,96.05263157894737,8,Thursday,3,0
197,http://jarred.net,77,13-04-2023 08:04,yes,photo,2023-04-13 08:04:00,77,Donald.Fritsch,77,43,yes,no,2,197,38,197,26,197,24,2.4166666666666665,6,12,197.0,4.0,"['fun', 'concert', 'drunk', 'smile']","['brazil', 'washington DC', 'new york', 'australia']",62,77,0.4935064935064935,0.3116883116883117,80.51948051948052,8,Thursday,3,0
198,http://jovanny.net,77,13-04-2023 08:04,no,photo,2023-04-13 08:04:00,77,Donald.Fritsch,77,43,yes,no,2,198,37,198,19,198,32,2.28125,6,16,,0.0,,,69,77,0.4805194805194805,0.4155844155844156,89.6103896103896,8,Thursday,3,0
199,http://linnie.com,77,13-04-2023 08:04,yes,carousel,2023-04-13 08:04:00,77,Donald.Fritsch,77,43,yes,no,2,199,39,199,26,199,23,2.5217391304347827,6,11,199.0,2.0,"['lol', 'fun']","['new york', 'brazil']",62,77,0.5064935064935064,0.2987012987012987,80.51948051948052,8,Thursday,3,0
200,http://dino.name,77,13-04-2023 08:04,no,video,2023-04-13 08:04:00,77,Donald.Fritsch,77,43,yes,no,2,200,34,200,27,200,35,2.4285714285714284,6,18,,0.0,,,69,77,0.44155844155844154,0.45454545454545453,89.6103896103896,8,Thursday,3,0
201,https://jane.net,77,13-04-2023 08:04,no,photo,2023-04-13 08:04:00,77,Donald.Fritsch,77,43,yes,no,2,201,39,201,26,201,33,2.4242424242424243,6,16,201.0,5.0,"['sunset', 'photography', 'sunrise', 'landscape', 'beach']","['florida', 'washington DC', 'new york', 'london', 'london']",72,77,0.5064935064935064,0.42857142857142855,93.5064935064935,8,Thursday,3,0
202,http://laney.name,77,13-04-2023 08:04,no,photo,2023-04-13 08:04:00,77,Donald.Fritsch,77,43,yes,no,2,202,31,202,20,202,27,2.4074074074074074,6,14,202.0,4.0,"['party', 'concert', 'drunk', 'smile']","['florida', 'washington DC', 'new york', 'australia']",58,77,0.4025974025974026,0.35064935064935066,75.32467532467533,8,Thursday,3,0
203,http://trever.org,78,13-04-2023 08:04,yes,photo,2023-04-13 08:04:00,78,Colten.Harris76,76,42,no,no,1,203,37,203,28,203,30,2.466666666666667,6,15,203.0,3.0,"['party', 'concert', 'drunk']","['florida', 'washington DC', 'new york']",67,76,0.4868421052631579,0.39473684210526316,88.1578947368421,8,Thursday,3,0
204,http://emilie.net,78,13-04-2023 08:04,yes,carousel,2023-04-13 08:04:00,78,Colten.Harris76,76,42,no,no,1,204,35,204,20,204,28,2.4285714285714284,6,13,,0.0,,,63,76,0.4605263157894737,0.3684210526315789,82.89473684210526,8,Thursday,3,0
205,http://ted.info,78,13-04-2023 08:04,yes,video,2023-04-13 08:04:00,78,Colten.Harris76,76,42,no,no,1,205,39,205,24,205,24,2.4166666666666665,6,12,205.0,3.0,"['party', 'concert', 'smile']","['florida', 'washington DC', 'australia']",63,76,0.5131578947368421,0.3157894736842105,82.89473684210526,8,Thursday,3,0
206,http://keshawn.org,78,13-04-2023 08:04,yes,photo,2023-04-13 08:04:00,78,Colten.Harris76,76,42,no,no,1,206,35,206,27,206,32,2.40625,6,17,206.0,1.0,['style'],['japan'],67,76,0.4605263157894737,0.42105263157894735,88.1578947368421,8,Thursday,3,0
207,http://ole.info,78,13-04-2023 08:04,no,photo,2023-04-13 08:04:00,78,Colten.Harris76,76,42,no,no,1,207,31,207,21,207,29,2.413793103448276,6,14,207.0,2.0,"['fun', 'smile']","['brazil', 'australia']",60,76,0.40789473684210525,0.3815789473684211,78.94736842105263,8,Thursday,3,0
208,https://ford.biz,79,13-04-2023 08:04,yes,photo,2023-04-13 08:04:00,79,Katarina.Dibbert,76,42,no,no,0,208,29,208,19,208,30,2.466666666666667,6,15,208.0,2.0,"['landscape', 'beach']","['london', 'london']",59,76,0.3815789473684211,0.39473684210526316,77.63157894736842,8,Thursday,3,0
209,https://humberto.org,82,13-04-2023 08:04,no,carousel,2023-04-13 08:04:00,82,Aracely.Johnston98,76,42,no,no,59,209,34,209,25,209,27,2.3333333333333335,6,14,209.0,3.0,"['photography', 'sunrise', 'beach']","['washington DC', 'new york', 'london']",61,76,0.4473684210526316,0.35526315789473684,80.26315789473685,8,Thursday,3,0
210,http://penelope.info,82,13-04-2023 08:04,no,video,2023-04-13 08:04:00,82,Aracely.Johnston98,76,42,no,no,59,210,38,210,23,210,34,2.4411764705882355,6,17,210.0,2.0,"['sunset', 'photography']","['florida', 'washington DC']",72,76,0.5,0.4473684210526316,94.73684210526315,8,Thursday,3,0
211,https://dimitri.info,84,13-04-2023 08:04,no,photo,2023-04-13 08:04:00,84,Alysa22,76,42,yes,no,78,211,36,211,26,211,24,2.4166666666666665,6,12,211.0,2.0,"['fun', 'concert']","['brazil', 'washington DC']",60,76,0.47368421052631576,0.3157894736842105,78.94736842105263,8,Thursday,3,0
212,http://cynthia.info,84,13-04-2023 08:04,yes,photo,2023-04-13 08:04:00,84,Alysa22,76,42,yes,no,78,212,37,212,25,212,31,2.3548387096774195,6,15,212.0,4.0,"['beauty', 'stunning', 'beach', 'smile']","['bangalore', 'florida', 'london', 'australia']",68,76,0.4868421052631579,0.40789473684210525,89.47368421052632,8,Thursday,3,0
213,http://princess.org,85,13-04-2023 08:04,yes,photo,2023-04-13 08:04:00,85,Milford_Gleichner42,76,42,yes,no,2,213,35,213,18,213,27,2.5555555555555554,6,13,,0.0,,,62,76,0.4605263157894737,0.35526315789473684,81.57894736842105,8,Thursday,3,0
214,https://ruthie.info,85,13-04-2023 08:04,yes,carousel,2023-04-13 08:04:00,85,Milford_Gleichner42,76,42,yes,no,2,214,29,214,18,214,24,2.4166666666666665,6,12,214.0,4.0,"['style', 'hair', 'fashion', 'party']","['japan', 'Mumbai', 'bangalore', 'florida']",53,76,0.3815789473684211,0.3157894736842105,69.73684210526315,8,Thursday,3,0
215,https://evan.name,86,13-04-2023 08:04,yes,video,2023-04-13 08:04:00,86,Delfina_VonRueden68,77,43,no,no,1,215,29,215,23,215,33,2.303030303030303,6,17,,0.0,,,62,77,0.37662337662337664,0.42857142857142855,80.51948051948052,8,Thursday,3,0
216,http://deontae.org,86,13-04-2023 08:04,no,photo,2023-04-13 08:04:00,86,Delfina_VonRueden68,77,43,no,no,1,216,30,216,20,216,33,2.484848484848485,6,16,216.0,2.0,"['sunset', 'sunrise']","['florida', 'new york']",63,77,0.38961038961038963,0.42857142857142855,81.81818181818183,8,Thursday,3,0
217,https://timmy.info,86,13-04-2023 08:04,yes,photo,2023-04-13 08:04:00,86,Delfina_VonRueden68,77,43,no,no,1,217,34,217,22,217,34,2.3823529411764706,6,18,,0.0,,,68,77,0.44155844155844154,0.44155844155844154,88.31168831168831,8,Thursday,3,0
218,http://susie.info,86,13-04-2023 08:04,no,photo,2023-04-13 08:04:00,86,Delfina_VonRueden68,77,43,no,no,1,218,32,218,24,218,30,2.3,6,15,218.0,2.0,"['beauty', 'beach']","['bangalore', 'london']",62,77,0.4155844155844156,0.38961038961038963,80.51948051948052,8,Thursday,3,0
219,http://hollis.com,86,13-04-2023 08:04,no,carousel,2023-04-13 08:04:00,86,Delfina_VonRueden68,77,43,no,no,1,219,32,219,19,219,31,2.5161290322580645,6,15,219.0,5.0,"['fun', 'party', 'concert', 'drunk', 'smile']","['brazil', 'florida', 'washington DC', 'new york', 'australia']",63,77,0.4155844155844156,0.4025974025974026,81.81818181818183,8,Thursday,3,0
220,https://colt.org,86,13-04-2023 08:04,no,video,2023-04-13 08:04:00,86,Delfina_VonRueden68,77,43,no,no,1,220,33,220,19,220,25,2.48,6,12,220.0,4.0,"['photography', 'sunrise', 'landscape', 'beach']","['washington DC', 'new york', 'london', 'london']",58,77,0.42857142857142855,0.3246753246753247,75.32467532467533,8,Thursday,3,0
221,http://lucio.org,86,13-04-2023 08:04,yes,photo,2023-04-13 08:04:00,86,Delfina_VonRueden68,77,43,no,no,1,221,34,221,25,221,30,2.466666666666667,6,15,221.0,3.0,"['happy', 'fun', 'smile']","['london', 'brazil', 'australia']",64,77,0.44155844155844154,0.38961038961038963,83.11688311688312,8,Thursday,3,0
222,http://germaine.org,86,13-04-2023 08:04,yes,photo,2023-04-13 08:04:00,86,Delfina_VonRueden68,77,43,no,no,1,222,36,222,23,222,25,2.4,6,13,222.0,1.0,['delicious'],['Mumbai'],61,77,0.4675324675324675,0.3246753246753247,79.22077922077922,8,Thursday,3,0
223,http://howard.net,86,13-04-2023 08:04,yes,photo,2023-04-13 08:04:00,86,Delfina_VonRueden68,77,43,no,no,1,223,25,223,16,223,32,2.3125,6,16,,0.0,,,57,77,0.3246753246753247,0.4155844155844156,74.02597402597402,8,Thursday,3,0
224,http://helena.name,87,13-04-2023 08:04,yes,carousel,2023-04-13 08:04:00,87,Rick29,76,42,no,no,12,224,31,224,24,224,29,2.4827586206896552,6,15,,0.0,,,60,76,0.40789473684210525,0.3815789473684211,78.94736842105263,8,Thursday,3,0
225,https://celestino.name,87,13-04-2023 08:04,no,video,2023-04-13 08:04:00,87,Rick29,76,42,no,no,12,225,37,225,22,225,36,2.4166666666666665,6,18,225.0,1.0,['delicious'],['Mumbai'],73,76,0.4868421052631579,0.47368421052631576,96.05263157894737,8,Thursday,3,0
226,http://violet.info,87,13-04-2023 08:04,yes,photo,2023-04-13 08:04:00,87,Rick29,76,42,no,no,12,226,33,226,20,226,32,2.28125,6,16,226.0,4.0,"['lol', 'happy', 'fun', 'smile']","['new york', 'london', 'brazil', 'australia']",65,76,0.4342105263157895,0.42105263157894735,85.52631578947368,8,Thursday,3,0
227,http://nigel.biz,87,13-04-2023 08:04,no,photo,2023-04-13 08:04:00,87,Rick29,76,42,no,no,12,227,39,227,29,227,35,2.4857142857142858,6,17,227.0,5.0,"['sunset', 'photography', 'sunrise', 'landscape', 'beach']","['florida', 'washington DC', 'new york', 'london', 'london']",74,76,0.5131578947368421,0.4605263157894737,97.36842105263158,8,Thursday,3,0
228,https://noble.net,88,13-04-2023 08:04,no,photo,2023-04-13 08:04:00,88,Clint27,77,43,yes,yes,3,228,31,228,19,228,26,2.423076923076923,6,13,228.0,1.0,['beach'],['london'],57,77,0.4025974025974026,0.33766233766233766,74.02597402597402,8,Thursday,3,0
229,https://emilia.org,88,13-04-2023 08:04,no,carousel,2023-04-13 08:04:00,88,Clint27,77,43,yes,yes,3,229,32,229,22,229,29,2.4482758620689653,6,15,,0.0,,,61,77,0.4155844155844156,0.37662337662337664,79.22077922077922,8,Thursday,3,0
230,http://destini.net,88,13-04-2023 08:04,yes,video,2023-04-13 08:04:00,88,Clint27,77,43,yes,yes,3,230,37,230,27,230,22,2.4545454545454546,6,11,230.0,5.0,"['beauty', 'stunning', 'dreamy', 'beach', 'smile']","['bangalore', 'florida', 'washington DC', 'london', 'australia']",59,77,0.4805194805194805,0.2857142857142857,76.62337662337663,8,Thursday,3,0
231,https://mariano.net,88,13-04-2023 08:04,yes,photo,2023-04-13 08:04:00,88,Clint27,77,43,yes,yes,3,231,34,231,22,231,26,2.3846153846153846,6,13,231.0,3.0,"['sunset', 'sunrise', 'landscape']","['florida', 'new york', 'london']",60,77,0.44155844155844154,0.33766233766233766,77.92207792207793,8,Thursday,3,0
232,https://brittany.org,88,13-04-2023 08:04,yes,photo,2023-04-13 08:04:00,88,Clint27,77,43,yes,yes,3,232,35,232,26,232,30,2.3,6,15,232.0,5.0,"['beauty', 'stunning', 'dreamy', 'beach', 'smile']","['bangalore', 'florida', 'washington DC', 'london', 'australia']",65,77,0.45454545454545453,0.38961038961038963,84.4155844155844,8,Thursday,3,0
233,https://madaline.name,88,13-04-2023 08:04,yes,photo,2023-04-13 08:04:00,88,Clint27,77,43,yes,yes,3,233,34,233,27,233,29,2.586206896551724,6,14,233.0,4.0,"['sunset', 'photography', 'sunrise', 'beach']","['florida', 'washington DC', 'new york', 'london']",63,77,0.44155844155844154,0.37662337662337664,81.81818181818183,8,Thursday,3,0
234,https://devonte.name,88,13-04-2023 08:04,no,carousel,2023-04-13 08:04:00,88,Clint27,77,43,yes,yes,3,234,35,234,19,234,32,2.34375,6,16,,0.0,,,67,77,0.45454545454545453,0.4155844155844156,87.01298701298701,8,Thursday,3,0
235,https://blanche.net,88,13-04-2023 08:04,yes,video,2023-04-13 08:04:00,88,Clint27,77,43,yes,yes,3,235,34,235,24,235,26,2.5384615384615383,6,13,235.0,1.0,['dreamy'],['washington DC'],60,77,0.44155844155844154,0.33766233766233766,77.92207792207793,8,Thursday,3,0
236,http://cali.net,88,13-04-2023 08:04,no,photo,2023-04-13 08:04:00,88,Clint27,77,43,yes,yes,3,236,30,236,21,236,26,2.3846153846153846,6,13,,0.0,,,56,77,0.38961038961038963,0.33766233766233766,72.72727272727273,8,Thursday,3,0
237,http://mekhi.name,88,13-04-2023 08:04,no,photo,2023-04-13 08:04:00,88,Clint27,77,43,yes,yes,3,237,32,237,17,237,23,2.391304347826087,6,12,237.0,2.0,"['dreamy', 'beach']","['washington DC', 'london']",55,77,0.4155844155844156,0.2987012987012987,71.42857142857143,8,Thursday,3,0
238,http://adela.com,88,13-04-2023 08:04,no,photo,2023-04-13 08:04:00,88,Clint27,77,43,yes,yes,3,238,27,238,14,238,30,2.3666666666666667,6,15,238.0,5.0,"['sunset', 'photography', 'sunrise', 'landscape', 'beach']","['florida', 'washington DC', 'new york', 'london', 'london']",57,77,0.35064935064935066,0.38961038961038963,74.02597402597402,8,Thursday,3,0
239,https://devan.com,92,13-04-2023 08:04,yes,carousel,2023-04-13 08:04:00,92,Frederik_Rice,76,42,yes,no,2,239,31,239,27,239,35,2.4571428571428573,6,17,239.0,3.0,"['party', 'concert', 'smile']","['florida', 'washington DC', 'australia']",66,76,0.40789473684210525,0.4605263157894737,86.8421052631579,8,Thursday,3,0
240,https://jarrett.name,92,13-04-2023 08:04,yes,video,2023-04-13 08:04:00,92,Frederik_Rice,76,42,yes,no,2,240,30,240,20,240,28,2.357142857142857,6,14,240.0,2.0,"['landscape', 'beach']","['london', 'london']",58,76,0.39473684210526316,0.3684210526315789,76.31578947368422,8,Thursday,3,0
241,https://sid.biz,92,13-04-2023 08:04,yes,photo,2023-04-13 08:04:00,92,Frederik_Rice,76,42,yes,no,2,241,37,241,20,241,29,2.4482758620689653,6,15,,0.0,,,66,76,0.4868421052631579,0.3815789473684211,86.8421052631579,8,Thursday,3,0
242,https://jadyn.name,93,13-04-2023 08:04,yes,photo,2023-04-13 08:04:00,93,Willie_Leuschke,76,42,yes,no,1,242,33,242,27,242,28,2.392857142857143,6,14,242.0,4.0,"['sunset', 'photography', 'landscape', 'beach']","['florida', 'washington DC', 'london', 'london']",61,76,0.4342105263157895,0.3684210526315789,80.26315789473685,8,Thursday,3,0
243,https://erik.com,93,13-04-2023 08:04,no,photo,2023-04-13 08:04:00,93,Willie_Leuschke,76,42,yes,no,1,243,35,243,23,243,29,2.5172413793103448,6,14,243.0,1.0,['sunset'],['florida'],64,76,0.4605263157894737,0.3815789473684211,84.21052631578947,8,Thursday,3,0
244,http://freeda.biz,94,13-04-2023 08:04,yes,carousel,2023-04-13 08:04:00,94,Damon35,76,42,no,yes,0,244,40,244,20,244,28,2.3214285714285716,6,14,244.0,3.0,"['food', 'foodie', 'delicious']","['brazil', 'japan', 'Mumbai']",68,76,0.5263157894736842,0.3684210526315789,89.47368421052632,8,Thursday,3,0
245,http://ayden.name,95,13-04-2023 08:04,no,video,2023-04-13 08:04:00,95,Nicole71,76,42,no,no,9,245,33,245,27,245,26,2.4615384615384617,6,13,,0.0,,,59,76,0.4342105263157895,0.34210526315789475,77.63157894736842,8,Thursday,3,0
246,https://kathleen.biz,95,13-04-2023 08:04,no,photo,2023-04-13 08:04:00,95,Nicole71,76,42,no,no,9,246,31,246,16,246,29,2.4827586206896552,6,14,,0.0,,,60,76,0.40789473684210525,0.3815789473684211,78.94736842105263,8,Thursday,3,0
247,https://helmer.org,96,13-04-2023 08:04,no,photo,2023-04-13 08:04:00,96,Keenan.Schamberger60,76,42,yes,no,687,247,28,247,20,247,39,2.3846153846153846,6,20,247.0,2.0,"['style', 'fashion']","['japan', 'bangalore']",67,76,0.3684210526315789,0.5131578947368421,88.1578947368421,8,Thursday,3,0
248,https://maggie.info,96,13-04-2023 08:04,yes,photo,2023-04-13 08:04:00,96,Keenan.Schamberger60,76,42,yes,no,687,248,37,248,29,248,25,2.36,6,13,248.0,2.0,"['stunning', 'dreamy']","['florida', 'washington DC']",62,76,0.4868421052631579,0.32894736842105265,81.57894736842105,8,Thursday,3,0
249,https://cecilia.net,96,13-04-2023 08:04,yes,carousel,2023-04-13 08:04:00,96,Keenan.Schamberger60,76,42,yes,no,687,249,34,249,21,249,34,2.4411764705882355,6,17,249.0,2.0,"['food', 'delicious']","['brazil', 'Mumbai']",68,76,0.4473684210526316,0.4473684210526316,89.47368421052632,8,Thursday,3,0
250,http://ayla.org,97,13-04-2023 08:04,yes,video,2023-04-13 08:04:00,97,Tomas.Beatty93,76,42,yes,no,92,250,31,250,17,250,23,2.4782608695652173,6,11,250.0,3.0,"['style', 'hair', 'fashion']","['japan', 'Mumbai', 'bangalore']",54,76,0.40789473684210525,0.3026315789473684,71.05263157894737,8,Thursday,3,0
251,https://elyssa.biz,97,13-04-2023 08:04,yes,photo,2023-04-13 08:04:00,97,Tomas.Beatty93,76,42,yes,no,92,251,28,251,23,251,24,2.4166666666666665,6,12,251.0,1.0,['lol'],['new york'],52,76,0.3684210526315789,0.3157894736842105,68.42105263157895,8,Thursday,3,0
252,http://jennie.com,98,13-04-2023 08:04,no,photo,2023-04-13 08:04:00,98,Imani_Nicolas17,76,42,no,no,123,252,34,252,22,252,24,2.4166666666666665,6,12,,0.0,,,58,76,0.4473684210526316,0.3157894736842105,76.31578947368422,8,Thursday,3,0
253,http://ryleigh.info,99,13-04-2023 08:04,yes,photo,2023-04-13 08:04:00,99,Alek_Watsica,76,42,no,no,232,253,32,253,20,253,26,2.3846153846153846,6,13,253.0,1.0,['delicious'],['Mumbai'],58,76,0.42105263157894735,0.34210526315789475,76.31578947368422,8,Thursday,3,0
254,https://darien.name,99,13-04-2023 08:04,no,carousel,2023-04-13 08:04:00,99,Alek_Watsica,76,42,no,no,232,254,31,254,23,254,26,2.3461538461538463,6,13,254.0,4.0,"['photography', 'sunrise', 'landscape', 'beach']","['washington DC', 'new york', 'london', 'london']",57,76,0.40789473684210525,0.34210526315789475,75.0,8,Thursday,3,0
255,https://xzavier.org,99,13-04-2023 08:04,no,video,2023-04-13 08:04:00,99,Alek_Watsica,76,42,no,no,232,255,33,255,18,255,29,2.310344827586207,6,15,,0.0,,,62,76,0.4342105263157895,0.3815789473684211,81.57894736842105,8,Thursday,3,0
256,https://kaela.name,100,13-04-2023 08:04,no,photo,2023-04-13 08:04:00,100,Javonte83,76,42,yes,yes,32,256,41,256,28,256,29,2.586206896551724,6,14,,0.0,,,70,76,0.5394736842105263,0.3815789473684211,92.10526315789474,8,Thursday,3,0
257,http://dedrick.info,100,13-04-2023 08:04,yes,photo,2023-04-13 08:04:00,100,Javonte83,76,42,yes,yes,32,257,36,257,28,257,24,2.4166666666666665,6,12,257.0,3.0,"['fun', 'concert', 'drunk']","['brazil', 'washington DC', 'new york']",60,76,0.47368421052631576,0.3157894736842105,78.94736842105263,8,Thursday,3,0
